{"accuracy": 0.9566666666666667, "f1": 0.9576547231270358}