{"accuracy": 0.5266666666666666, "f1": 0.5103448275862069}