{"accuracy_score": 0.8282828282828283, "f1_score": 0.8172043010752689, "recall_score": 0.8837209302325582, "precision_score": 0.76}