{"accuracy_score": 0.7666666666666667, "f1_score": 0.7741935483870969, "recall_score": 0.75, "precision_score": 0.8}