{"accuracy_score": 0.7833333333333333, "f1_score": 0.7936507936507936, "recall_score": 0.78125, "precision_score": 0.8064516129032258}