{"accuracy_score": 0.7833333333333333, "f1_score": 0.7868852459016394, "recall_score": 0.75, "precision_score": 0.8275862068965517}